t_ms,qd_w,qd_x,qd_y,qd_z,fin0,fin1,fin2,fin3
814174.0,1.0,0.0,0.0,0.0,24.33094,27.966019,30.0,26.36492
814275.0,1.0,0.0,0.0,0.0,25.742882,29.908806,30.0,25.834078
814380.0,1.0,0.0,0.0,0.0,27.269817,28.499718,13.760284,12.530385
814481.0,1.0,0.0,0.0,0.0,-11.005304,-28.248451,-30.0,-12.756851
814583.0,1.0,0.0,0.0,0.0,-18.177038,-30.0,-25.954025,-14.131064
814684.0,1.0,0.0,0.0,0.0,-8.186121,-30.0,-20.289474,1.524406
814786.0,1.0,0.0,0.0,0.0,27.13517,-0.553554,2.311278,30.0
814887.0,1.0,0.0,0.0,0.0,30.0,-12.24007,-18.665422,23.57465
814988.0,1.0,0.0,0.0,0.0,3.717564,-26.708174,-30.0,0.425738
815089.0,1.0,0.0,0.0,0.0,11.644924,-25.496288,-30.0,7.141215
815190.0,1.0,0.0,0.0,0.0,14.669137,-22.066637,-30.0,6.735775
815291.0,1.0,0.0,0.0,0.0,4.923892,-24.265402,-30.0,-0.810707
815392.0,1.0,0.0,0.0,0.0,-3.385319,-30.0,-27.15675,-0.542066
815493.0,1.0,0.0,0.0,0.0,25.597933,-27.281746,-22.879681,30.0
815595.0,1.0,0.0,0.0,0.0,28.674231,-23.719162,-30.0,22.393391
815696.0,1.0,0.0,0.0,0.0,5.196821,-30.0,-28.084455,7.112366
815797.0,1.0,0.0,0.0,0.0,-4.642417,-30.0,-17.517761,7.83982
815898.0,1.0,0.0,0.0,0.0,-10.835694,-30.0,-10.167166,8.997141
815998.0,1.0,0.0,0.0,0.0,-18.235846,-30.0,-4.152213,7.611939
816099.0,1.0,0.0,0.0,0.0,-28.336613,-30.0,-5.042272,-3.378885
816202.0,1.0,0.0,0.0,0.0,-23.435911,-30.0,-8.480624,-1.916535
816302.0,1.0,0.0,0.0,0.0,-25.754532,-30.0,-12.224513,-7.979045
816407.0,1.0,0.0,0.0,0.0,-30.0,-28.524773,-9.844299,-11.319528
816509.0,1.0,0.0,0.0,0.0,-30.0,-25.852137,-12.353823,-16.501686
816610.0,1.0,0.0,0.0,0.0,-30.0,-20.658331,-8.244303,-17.585974
816710.0,1.0,0.0,0.0,0.0,-30.0,-14.728205,-2.783766,-18.055561
816812.0,1.0,0.0,0.0,0.0,-28.980091,16.278814,30.0,-15.258906
816913.0,1.0,0.0,0.0,0.0,-6.411071,21.978672,30.0,1.610258
817014.0,1.0,0.0,0.0,0.0,-4.941198,18.966089,30.0,6.092712
817115.0,1.0,0.0,0.0,0.0,3.578935,18.166615,30.0,15.412322
817218.0,1.0,0.0,0.0,0.0,9.314301,16.950378,30.0,22.363922
817319.0,1.0,0.0,0.0,0.0,10.818085,14.423693,30.0,26.394392
817421.0,1.0,0.0,0.0,0.0,-30.0,-20.223503,0.032895,-9.743601
817521.0,1.0,0.0,0.0,0.0,-25.960812,2.300444,30.0,1.738744
817622.0,1.0,0.0,0.0,0.0,-25.310024,5.729752,30.0,-1.039775
817723.0,1.0,0.0,0.0,0.0,-14.638347,7.292357,30.0,8.069296
817824.0,1.0,0.0,0.0,0.0,-11.147231,9.724877,30.0,9.127892
817925.0,1.0,0.0,0.0,0.0,-11.644307,9.600905,30.0,8.754786
818026.0,1.0,0.0,0.0,0.0,-12.094106,9.458976,30.0,8.446918
818127.0,1.0,0.0,0.0,0.0,-12.380489,9.358131,30.0,8.261381
818228.0,1.0,0.0,0.0,0.0,-12.329502,9.376598,30.0,8.293898
818333.0,1.0,0.0,0.0,0.0,-12.333076,9.37433,30.0,8.292594
818438.0,1.0,0.0,0.0,0.0,-12.326925,9.379133,30.0,8.293941
818539.0,1.0,0.0,0.0,0.0,-12.33911,9.377949,30.0,8.28294
818640.0,1.0,0.0,0.0,0.0,-12.335962,9.382036,30.0,8.282001
818742.0,1.0,0.0,0.0,0.0,-12.339924,9.380037,30.0,8.280038
818843.0,1.0,0.0,0.0,0.0,-12.341868,9.383574,30.0,8.274558
818944.0,1.0,0.0,0.0,0.0,-12.344117,9.385516,30.0,8.270367
819045.0,1.0,0.0,0.0,0.0,-12.354566,9.38183,30.0,8.263602
819146.0,1.0,0.0,0.0,0.0,-12.357309,9.382528,30.0,8.260164
819248.0,1.0,0.0,0.0,0.0,-12.351929,9.382879,30.0,8.265193
819349.0,1.0,0.0,0.0,0.0,-12.359961,9.381474,30.0,8.258564
819451.0,1.0,0.0,0.0,0.0,-12.360527,9.38468,30.0,8.254793
819552.0,1.0,0.0,0.0,0.0,-12.35461,9.387717,30.0,8.257674
819653.0,1.0,0.0,0.0,0.0,-12.353705,9.386792,30.0,8.259501
819754.0,1.0,0.0,0.0,0.0,-12.351477,9.387239,30.0,8.261282
819855.0,1.0,0.0,0.0,0.0,-12.359952,9.385013,30.0,8.255036
819956.0,1.0,0.0,0.0,0.0,-12.357701,9.385035,30.0,8.257263
820058.0,1.0,0.0,0.0,0.0,-12.360439,9.386121,30.0,8.253441
820159.0,1.0,0.0,0.0,0.0,-12.362777,9.386011,30.0,8.251212
820261.0,1.0,0.0,0.0,0.0,-12.360481,9.388029,30.0,8.25149
820371.0,1.0,0.0,0.0,0.0,-12.361399,9.388074,30.0,8.250526
820472.0,1.0,0.0,0.0,0.0,-12.364037,9.390125,30.0,8.245839
820573.0,1.0,0.0,0.0,0.0,-12.367221,9.390679,30.0,8.2421
820674.0,1.0,0.0,0.0,0.0,-12.363544,9.389948,30.0,8.246508
820775.0,1.0,0.0,0.0,0.0,-12.357631,9.392767,30.0,8.249603
820876.0,1.0,0.0,0.0,0.0,-12.364806,9.388488,30.0,8.246706
820977.0,1.0,0.0,0.0,0.0,-12.358386,9.395986,30.0,8.245628
821078.0,1.0,0.0,0.0,0.0,-12.369465,9.388659,30.0,8.241878
821179.0,1.0,0.0,0.0,0.0,-12.368917,9.390033,30.0,8.24105
821282.0,1.0,0.0,0.0,0.0,-12.36241,9.39694,30.0,8.240652
821383.0,1.0,0.0,0.0,0.0,-12.371027,9.3899,30.0,8.239071
821484.0,1.0,0.0,0.0,0.0,-12.36689,9.389135,30.0,8.243974
821585.0,1.0,0.0,0.0,0.0,-12.366344,9.397394,30.0,8.236261
821686.0,1.0,0.0,0.0,0.0,-12.366418,9.393694,30.0,8.239887
821787.0,1.0,0.0,0.0,0.0,-12.371008,9.397024,30.0,8.231969
821888.0,1.0,0.0,0.0,0.0,-12.367982,9.394573,30.0,8.237445
821989.0,1.0,0.0,0.0,0.0,-12.364319,9.399117,30.0,8.236563
822090.0,1.0,0.0,0.0,0.0,-12.372564,9.395551,30.0,8.231886
822191.0,1.0,0.0,0.0,0.0,-12.374718,9.391899,30.0,8.233382
822298.0,1.0,0.0,0.0,0.0,-12.374601,9.393097,30.0,8.232304
822402.0,1.0,0.0,0.0,0.0,-12.365159,9.398503,30.0,8.236339
822503.0,1.0,0.0,0.0,0.0,-12.383978,9.385561,30.0,8.230461
822604.0,1.0,0.0,0.0,0.0,-12.376482,9.392516,30.0,8.231
822705.0,1.0,0.0,0.0,0.0,-12.372703,9.394115,30.0,8.233181
822806.0,1.0,0.0,0.0,0.0,-12.373221,9.393428,30.0,8.233351
822907.0,1.0,0.0,0.0,0.0,-12.375895,9.39724,30.0,8.226866
823008.0,1.0,0.0,0.0,0.0,-12.383043,9.393817,30.0,8.223142
823109.0,1.0,0.0,0.0,0.0,-12.382999,9.394899,30.0,8.222101
823210.0,1.0,0.0,0.0,0.0,-12.376281,9.400836,30.0,8.222881
823313.0,1.0,0.0,0.0,0.0,-12.380932,9.395738,30.0,8.223331
823414.0,1.0,0.0,0.0,0.0,-12.374245,9.400974,30.0,8.224783
823515.0,1.0,0.0,0.0,0.0,-12.386065,9.392359,30.0,8.221578
823616.0,1.0,0.0,0.0,0.0,-12.374348,9.400291,30.0,8.225362
823717.0,1.0,0.0,0.0,0.0,-12.372916,9.403178,30.0,8.223904
823818.0,1.0,0.0,0.0,0.0,-12.374911,9.400506,30.0,8.224581
823919.0,1.0,0.0,0.0,0.0,-12.373565,9.402282,30.0,8.224155
824020.0,1.0,0.0,0.0,0.0,-12.375734,9.403069,30.0,8.221196
824121.0,1.0,0.0,0.0,0.0,-12.369072,9.406593,30.0,8.224333
824222.0,1.0,0.0,0.0,0.0,-12.364582,9.407195,30.0,8.228223
824322.0,1.0,0.0,0.0,0.0,-12.36779,9.401033,30.0,8.231177
824428.0,1.0,0.0,0.0,0.0,-12.376356,9.402247,30.0,8.221398
824528.0,1.0,0.0,0.0,0.0,-12.375078,9.399541,30.0,8.225381
824630.0,1.0,0.0,0.0,0.0,-12.377118,9.404133,30.0,8.218748
824731.0,1.0,0.0,0.0,0.0,-12.374732,9.405087,30.0,8.220182
824832.0,1.0,0.0,0.0,0.0,-12.377966,9.396551,30.0,8.225484
824933.0,1.0,0.0,0.0,0.0,-12.37327,9.403188,30.0,8.223542
825034.0,1.0,0.0,0.0,0.0,-12.37329,9.406823,30.0,8.219886
825135.0,1.0,0.0,0.0,0.0,-12.370888,9.408108,30.0,8.221005
825236.0,1.0,0.0,0.0,0.0,-12.372601,9.409369,30.0,8.218033
825337.0,1.0,0.0,0.0,0.0,-12.374987,9.408104,30.0,8.216908
825438.0,1.0,0.0,0.0,0.0,-12.373585,9.409141,30.0,8.217273
825539.0,1.0,0.0,0.0,0.0,-12.382872,9.408357,30.0,8.208772
825640.0,1.0,0.0,0.0,0.0,-12.383628,9.406339,30.0,8.210034
825741.0,1.0,0.0,0.0,0.0,-12.380698,9.409663,30.0,8.209638
825842.0,1.0,0.0,0.0,0.0,-12.379727,9.410313,30.0,8.209961
825943.0,1.0,0.0,0.0,0.0,-12.366969,9.418575,30.0,8.214457
826044.0,1.0,0.0,0.0,0.0,-12.389223,9.407561,30.0,8.203216
826146.0,1.0,0.0,0.0,0.0,-12.371714,9.415389,30.0,8.212899
826246.0,1.0,0.0,0.0,0.0,-12.380306,9.411222,30.0,8.208471
826347.0,1.0,0.0,0.0,0.0,-12.374,9.416964,30.0,8.209038
826447.0,1.0,0.0,0.0,0.0,-12.385551,9.412765,30.0,8.201685
826547.0,1.0,0.0,0.0,0.0,-12.384229,9.409714,30.0,8.206056
826649.0,1.0,0.0,0.0,0.0,-12.378812,9.413784,30.0,8.207404
826750.0,1.0,0.0,0.0,0.0,-12.382147,9.41313,30.0,8.204722
826851.0,1.0,0.0,0.0,0.0,-12.388025,9.412268,30.0,8.199707
826952.0,1.0,0.0,0.0,0.0,-12.387701,9.409722,30.0,8.202577
827053.0,1.0,0.0,0.0,0.0,-12.38998,9.408229,30.0,8.20179
827154.0,1.0,0.0,0.0,0.0,-12.389658,9.411827,30.0,8.198514
827255.0,1.0,0.0,0.0,0.0,-12.393774,9.409243,30.0,8.196982
827358.0,1.0,0.0,0.0,0.0,-12.397676,9.411483,30.0,8.190842
827459.0,1.0,0.0,0.0,0.0,-12.390642,9.41431,30.0,8.195048
827560.0,1.0,0.0,0.0,0.0,-12.389228,9.411385,30.0,8.199387
827661.0,1.0,0.0,0.0,0.0,-12.393499,9.412481,30.0,8.19402
827762.0,1.0,0.0,0.0,0.0,-12.388937,9.420192,30.0,8.190872
827863.0,1.0,0.0,0.0,0.0,-12.38229,9.416924,30.0,8.200785
827964.0,1.0,0.0,0.0,0.0,-12.38847,9.417286,30.0,8.194244
828065.0,1.0,0.0,0.0,0.0,-12.382253,9.420787,30.0,8.196961
828166.0,1.0,0.0,0.0,0.0,-12.390803,9.416578,30.0,8.192618
828267.0,1.0,0.0,0.0,0.0,-12.392817,9.415407,30.0,8.191776
828373.0,1.0,0.0,0.0,0.0,-12.386819,9.417498,30.0,8.195683
828476.0,1.0,0.0,0.0,0.0,-12.389181,9.419773,30.0,8.191046
828577.0,1.0,0.0,0.0,0.0,-12.386846,9.419871,30.0,8.193283
828679.0,1.0,0.0,0.0,0.0,-12.385726,9.424224,30.0,8.19005
828780.0,1.0,0.0,0.0,0.0,-12.387877,9.419945,30.0,8.19218
828880.0,1.0,0.0,0.0,0.0,-12.266714,9.468843,30.0,8.264442
828981.0,1.0,0.0,0.0,0.0,-12.385892,9.417646,30.0,8.196464
829082.0,1.0,0.0,0.0,0.0,-12.350208,9.43157,30.0,8.21822
829183.0,1.0,0.0,0.0,0.0,-12.369825,9.427375,30.0,8.202803
829285.0,1.0,0.0,0.0,0.0,-12.377743,9.420542,30.0,8.201714
829389.0,1.0,0.0,0.0,0.0,-12.378639,9.422286,30.0,8.199076
829491.0,1.0,0.0,0.0,0.0,-12.365379,9.426642,30.0,8.207976
829592.0,1.0,0.0,0.0,0.0,-12.368634,9.425398,30.0,8.205966
829693.0,1.0,0.0,0.0,0.0,-12.371908,9.424301,30.0,8.203792
829794.0,1.0,0.0,0.0,0.0,-12.36179,9.429654,30.0,8.208554
829895.0,1.0,0.0,0.0,0.0,-12.372004,9.424512,30.0,8.203484
829996.0,1.0,0.0,0.0,0.0,-12.362243,9.428224,30.0,8.209532
830097.0,1.0,0.0,0.0,0.0,-12.363127,9.43209,30.0,8.204784
830198.0,1.0,0.0,0.0,0.0,-12.353806,9.431742,30.0,8.214455
830299.0,1.0,0.0,0.0,0.0,-12.355488,9.430074,30.0,8.214439
830404.0,1.0,0.0,0.0,0.0,-12.36999,9.423517,30.0,8.206493
830505.0,1.0,0.0,0.0,0.0,-12.359301,9.433978,30.0,8.206721
830606.0,1.0,0.0,0.0,0.0,-12.365442,9.424813,30.0,8.209746
830707.0,1.0,0.0,0.0,0.0,-12.363948,9.425839,30.0,8.210213
830808.0,1.0,0.0,0.0,0.0,-12.357373,9.43172,30.0,8.210908
830909.0,1.0,0.0,0.0,0.0,-12.361565,9.429133,30.0,8.209302
831010.0,1.0,0.0,0.0,0.0,-12.361412,9.429102,30.0,8.209487
831111.0,1.0,0.0,0.0,0.0,-12.370211,9.428344,30.0,8.201447
831212.0,1.0,0.0,0.0,0.0,-12.36849,9.428738,30.0,8.202772
831313.0,1.0,0.0,0.0,0.0,-12.372675,9.429008,30.0,8.198315
831420.0,1.0,0.0,0.0,0.0,-12.3699,9.428885,30.0,8.201216
831521.0,1.0,0.0,0.0,0.0,-12.370256,9.425841,30.0,8.203903
831622.0,1.0,0.0,0.0,0.0,-12.363639,9.431116,30.0,8.205246
831723.0,1.0,0.0,0.0,0.0,-12.370551,9.431148,30.0,8.198303
831824.0,1.0,0.0,0.0,0.0,-12.366646,9.432343,30.0,8.201013
831925.0,1.0,0.0,0.0,0.0,-12.359873,9.433457,30.0,8.206669
832026.0,1.0,0.0,0.0,0.0,-12.370382,9.429009,30.0,8.200609
832127.0,1.0,0.0,0.0,0.0,-12.363214,9.432702,30.0,8.204083
832228.0,1.0,0.0,0.0,0.0,-12.362739,9.433872,30.0,8.20339
832329.0,1.0,0.0,0.0,0.0,-12.361296,9.43269,30.0,8.206015
832432.0,1.0,0.0,0.0,0.0,-12.377656,9.424175,30.0,8.198168
832533.0,1.0,0.0,0.0,0.0,-12.366892,9.434114,30.0,8.198994
832634.0,1.0,0.0,0.0,0.0,-12.37185,9.431971,30.0,8.19618
832735.0,1.0,0.0,0.0,0.0,-12.372728,9.429179,30.0,8.198094
832836.0,1.0,0.0,0.0,0.0,-12.379252,9.427272,30.0,8.193475
832937.0,1.0,0.0,0.0,0.0,-12.379178,9.430238,30.0,8.190586
833038.0,1.0,0.0,0.0,0.0,-12.362787,9.434219,30.0,8.202992
833139.0,1.0,0.0,0.0,0.0,-12.363971,9.433908,30.0,8.20212
833241.0,1.0,0.0,0.0,0.0,-12.366948,9.433894,30.0,8.199159
833341.0,1.0,0.0,0.0,0.0,-12.368843,9.428255,30.0,8.202901
833446.0,1.0,0.0,0.0,0.0,-12.365654,9.432824,30.0,8.20152
833548.0,1.0,0.0,0.0,0.0,-12.370473,9.430043,30.0,8.199482
833649.0,1.0,0.0,0.0,0.0,-12.370085,9.428525,30.0,8.201389
833749.0,1.0,0.0,0.0,0.0,-12.372267,9.425664,30.0,8.20207
833851.0,1.0,0.0,0.0,0.0,-12.356971,9.435144,30.0,8.207884
833952.0,1.0,0.0,0.0,0.0,-12.356091,9.436863,30.0,8.207048
834053.0,1.0,0.0,0.0,0.0,-12.365505,9.434628,30.0,8.199868
834153.0,1.0,0.0,0.0,0.0,-12.359235,9.437595,30.0,8.203171
834254.0,1.0,0.0,0.0,0.0,-12.345236,9.442882,30.0,8.211884
834355.0,1.0,0.0,0.0,0.0,-12.352477,9.437055,30.0,8.210468
834459.0,1.0,0.0,0.0,0.0,-12.34884,9.43881,30.0,8.212349
834560.0,1.0,0.0,0.0,0.0,-12.348566,9.440189,30.0,8.211243
834661.0,1.0,0.0,0.0,0.0,-12.348565,9.443164,30.0,8.208272
834762.0,1.0,0.0,0.0,0.0,-12.347569,9.440132,30.0,8.212301
834863.0,1.0,0.0,0.0,0.0,-12.3499,9.438835,30.0,8.211264
834964.0,1.0,0.0,0.0,0.0,-12.340775,9.443366,30.0,8.215858
835065.0,1.0,0.0,0.0,0.0,-12.365648,9.430963,30.0,8.203389
835166.0,1.0,0.0,0.0,0.0,-12.352084,9.439966,30.0,8.207952
835267.0,1.0,0.0,0.0,0.0,-12.355389,9.43694,30.0,8.20767
835367.0,1.0,0.0,0.0,0.0,-12.348167,9.43928,30.0,8.212554
835469.0,1.0,0.0,0.0,0.0,-12.345722,9.438575,30.0,8.215705
835570.0,1.0,0.0,0.0,0.0,-12.346999,9.440907,30.0,8.212096
835671.0,1.0,0.0,0.0,0.0,-12.352339,9.436626,30.0,8.211037
835772.0,1.0,0.0,0.0,0.0,-12.355025,9.440525,30.0,8.20445
835873.0,1.0,0.0,0.0,0.0,-12.356766,9.437425,30.0,8.205812
835974.0,1.0,0.0,0.0,0.0,-12.357361,9.436115,30.0,8.206522
836075.0,1.0,0.0,0.0,0.0,-12.359701,9.43794,30.0,8.20236
836175.0,1.0,0.0,0.0,0.0,-12.35163,9.43786,30.0,8.21051
836276.0,1.0,0.0,0.0,0.0,-12.351185,9.438728,30.0,8.210089
836377.0,1.0,0.0,0.0,0.0,-12.35617,9.438808,30.0,8.205021
836484.0,1.0,0.0,0.0,0.0,-12.370809,9.434276,30.0,8.194917
836585.0,1.0,0.0,0.0,0.0,-12.361583,9.439942,30.0,8.198474
836685.0,1.0,0.0,0.0,0.0,-12.361008,9.441031,30.0,8.197963
836786.0,1.0,0.0,0.0,0.0,-12.35687,9.444875,30.0,8.198255
836887.0,1.0,0.0,0.0,0.0,-12.342835,9.448834,30.0,8.208328
836988.0,1.0,0.0,0.0,0.0,-12.35964,9.436396,30.0,8.203964
837089.0,1.0,0.0,0.0,0.0,-12.358848,9.434633,30.0,8.206519
837190.0,1.0,0.0,0.0,0.0,-12.366572,9.433012,30.0,8.200415
837291.0,1.0,0.0,0.0,0.0,-12.356298,9.442775,30.0,8.200928
837392.0,1.0,0.0,0.0,0.0,-12.3555,9.439814,30.0,8.204685
837496.0,1.0,0.0,0.0,0.0,-12.358396,9.43741,30.0,8.204194
837597.0,1.0,0.0,0.0,0.0,-12.360327,9.440413,30.0,8.199261
837698.0,1.0,0.0,0.0,0.0,-12.354441,9.443686,30.0,8.201871
837799.0,1.0,0.0,0.0,0.0,-12.364104,9.441295,30.0,8.194603
837900.0,1.0,0.0,0.0,0.0,-12.361452,9.438004,30.0,8.200544
838001.0,1.0,0.0,0.0,0.0,-12.357564,9.438962,30.0,8.203475
838102.0,1.0,0.0,0.0,0.0,-12.362548,9.436462,30.0,8.20099
838202.0,1.0,0.0,0.0,0.0,-12.361956,9.437519,30.0,8.200524
838303.0,1.0,0.0,0.0,0.0,-12.354514,9.440048,30.0,8.205436
838404.0,1.0,0.0,0.0,0.0,-12.361107,9.439314,30.0,8.199581
838505.0,1.0,0.0,0.0,0.0,-12.363655,9.439174,30.0,8.19717
838608.0,1.0,0.0,0.0,0.0,-12.355603,9.440294,30.0,8.204104
838709.0,1.0,0.0,0.0,0.0,-12.354015,9.437041,30.0,8.208942
838810.0,1.0,0.0,0.0,0.0,-12.357226,9.440222,30.0,8.202554
838910.0,1.0,0.0,0.0,0.0,-12.357422,9.439325,30.0,8.203254
839011.0,1.0,0.0,0.0,0.0,-12.349952,9.446361,30.0,8.20369
839112.0,1.0,0.0,0.0,0.0,-12.357491,9.439646,30.0,8.202862
839213.0,1.0,0.0,0.0,0.0,-12.35026,9.445274,30.0,8.204465
839314.0,1.0,0.0,0.0,0.0,-12.351767,9.445341,30.0,8.20289
839415.0,1.0,0.0,0.0,0.0,-12.354198,9.444827,30.0,8.200974
839520.0,1.0,0.0,0.0,0.0,-12.35848,9.434855,30.0,8.206664
839621.0,1.0,0.0,0.0,0.0,-12.352332,9.443323,30.0,8.204343
839722.0,1.0,0.0,0.0,0.0,-12.365939,9.437801,30.0,8.19626
839823.0,1.0,0.0,0.0,0.0,-12.347734,9.447701,30.0,8.204565
839924.0,1.0,0.0,0.0,0.0,-12.353152,9.444347,30.0,8.202501
840025.0,1.0,0.0,0.0,0.0,-12.349426,9.444625,30.0,8.20595
840126.0,1.0,0.0,0.0,0.0,-12.341199,9.450124,30.0,8.208678
840227.0,1.0,0.0,0.0,0.0,-12.341489,9.449248,30.0,8.209265
840327.0,1.0,0.0,0.0,0.0,-12.347068,9.449825,30.0,8.203107
840428.0,1.0,0.0,0.0,0.0,-12.355504,9.441165,30.0,8.20333
840530.0,1.0,0.0,0.0,0.0,-12.355253,9.442084,30.0,8.202663
840633.0,1.0,0.0,0.0,0.0,-12.343525,9.449058,30.0,8.207417
840734.0,1.0,0.0,0.0,0.0,-12.347331,9.447192,30.0,8.205479
840834.0,1.0,0.0,0.0,0.0,-12.347332,9.442713,30.0,8.209955
840935.0,1.0,0.0,0.0,0.0,-12.346452,9.443192,30.0,8.210355
841036.0,1.0,0.0,0.0,0.0,-12.343462,9.443933,30.0,8.212604
841137.0,1.0,0.0,0.0,0.0,-12.346115,9.445448,30.0,8.208438
841238.0,1.0,0.0,0.0,0.0,-12.336806,9.44858,30.0,8.214615
841339.0,1.0,0.0,0.0,0.0,-12.342664,9.445329,30.0,8.212008
841440.0,1.0,0.0,0.0,0.0,-12.342817,9.447274,30.0,8.209908
841542.0,1.0,0.0,0.0,0.0,-12.340407,9.447732,30.0,8.211859
841643.0,1.0,0.0,0.0,0.0,-12.347312,9.439838,30.0,8.212849
841744.0,1.0,0.0,0.0,0.0,-12.334503,9.451498,30.0,8.214
841845.0,1.0,0.0,0.0,0.0,-12.338174,9.448399,30.0,8.213426
841945.0,1.0,0.0,0.0,0.0,-12.345655,9.443604,30.0,8.210739
842047.0,1.0,0.0,0.0,0.0,-12.339564,9.444622,30.0,8.215814
842148.0,1.0,0.0,0.0,0.0,-12.349849,9.442348,30.0,8.207803
842248.0,1.0,0.0,0.0,0.0,-12.343428,9.445802,30.0,8.210772
842556.0,1.0,0.0,0.0,0.0,-12.343832,9.444943,30.0,8.211226
842659.0,1.0,0.0,0.0,0.0,-12.352309,9.437258,30.0,8.210432
842759.0,1.0,0.0,0.0,0.0,-12.340466,9.446745,30.0,8.212788
842861.0,1.0,0.0,0.0,0.0,-12.332018,9.450932,30.0,8.217052
842961.0,1.0,0.0,0.0,0.0,-12.336077,9.44855,30.0,8.215373
843062.0,1.0,0.0,0.0,0.0,-12.329675,9.450199,30.0,8.220126
843163.0,1.0,0.0,0.0,0.0,-12.340037,9.44149,30.0,8.218473
843264.0,1.0,0.0,0.0,0.0,-12.358759,9.438351,30.0,8.20289
843364.0,1.0,0.0,0.0,0.0,-12.340428,9.447108,30.0,8.212463
843466.0,1.0,0.0,0.0,0.0,-12.339766,9.442778,30.0,8.217458
843571.0,1.0,0.0,0.0,0.0,-12.348351,9.447334,30.0,8.204316
843673.0,1.0,0.0,0.0,0.0,-12.34136,9.449053,30.0,8.209586
843774.0,1.0,0.0,0.0,0.0,-12.351771,9.445782,30.0,8.202446
843874.0,1.0,0.0,0.0,0.0,-12.347502,9.446526,30.0,8.205974
843975.0,1.0,0.0,0.0,0.0,-12.346591,9.448689,30.0,8.20472
844076.0,1.0,0.0,0.0,0.0,-12.349258,9.449475,30.0,8.201265
844177.0,1.0,0.0,0.0,0.0,-12.340839,9.453355,30.0,8.205807
844278.0,1.0,0.0,0.0,0.0,-12.335252,9.45692,30.0,8.207827
844379.0,1.0,0.0,0.0,0.0,-12.340497,9.453279,30.0,8.206223
844480.0,1.0,0.0,0.0,0.0,-12.333589,9.454988,30.0,8.211422
844584.0,1.0,0.0,0.0,0.0,-12.338678,9.453017,30.0,8.208304
844685.0,1.0,0.0,0.0,0.0,-12.349933,9.450538,30.0,8.199531
844786.0,1.0,0.0,0.0,0.0,-12.341508,9.454539,30.0,8.203952
844887.0,1.0,0.0,0.0,0.0,-12.345697,9.453516,30.0,8.200787
844988.0,1.0,0.0,0.0,0.0,-12.351101,9.447449,30.0,8.201448
845089.0,1.0,0.0,0.0,0.0,-12.347937,9.451621,30.0,8.200443
845190.0,1.0,0.0,0.0,0.0,-12.345901,9.453218,30.0,8.20088
845290.0,1.0,0.0,0.0,0.0,-12.348826,9.44898,30.0,8.202194
845391.0,1.0,0.0,0.0,0.0,-12.343863,9.452395,30.0,8.20374
845492.0,1.0,0.0,0.0,0.0,-12.342224,9.451885,30.0,8.205891
845593.0,1.0,0.0,0.0,0.0,-12.332457,9.457253,30.0,8.210292
845694.0,1.0,0.0,0.0,0.0,-12.333334,9.455808,30.0,8.210857
845795.0,1.0,0.0,0.0,0.0,-12.342802,9.452949,30.0,8.204249
845896.0,1.0,0.0,0.0,0.0,-12.342463,9.449428,30.0,8.208111
845997.0,1.0,0.0,0.0,0.0,-12.331079,9.455002,30.0,8.213919
846098.0,1.0,0.0,0.0,0.0,-12.337568,9.452703,30.0,8.209727
846199.0,1.0,0.0,0.0,0.0,-12.336796,9.450577,30.0,8.212626
846300.0,1.0,0.0,0.0,0.0,-12.336268,9.453647,30.0,8.210085
846400.0,1.0,0.0,0.0,0.0,-12.343525,9.445982,30.0,8.210494
846501.0,1.0,0.0,0.0,0.0,-12.336629,9.450451,30.0,8.212921
846601.0,1.0,0.0,0.0,0.0,-12.337819,9.451311,30.0,8.210871
846702.0,1.0,0.0,0.0,0.0,-12.334558,9.45343,30.0,8.21201
846803.0,1.0,0.0,0.0,0.0,-12.34026,9.449254,30.0,8.210486
846903.0,1.0,0.0,0.0,0.0,-12.336918,9.451398,30.0,8.211682
847005.0,1.0,0.0,0.0,0.0,-12.333516,9.455209,30.0,8.211273
847105.0,1.0,0.0,0.0,0.0,-12.332829,9.455598,30.0,8.211573
847206.0,1.0,0.0,0.0,0.0,-12.336621,9.453215,30.0,8.210162
847307.0,1.0,0.0,0.0,0.0,-12.333038,9.449007,30.0,8.217955
847408.0,1.0,0.0,0.0,0.0,-12.333238,9.452156,30.0,8.214607
847509.0,1.0,0.0,0.0,0.0,-12.327456,9.45511,30.0,8.217436
847612.0,1.0,0.0,0.0,0.0,-12.328494,9.451533,30.0,8.219972
847712.0,1.0,0.0,0.0,0.0,-12.333956,9.451458,30.0,8.214586
847813.0,1.0,0.0,0.0,0.0,-12.330209,9.45534,30.0,8.214452
847914.0,1.0,0.0,0.0,0.0,-12.329593,9.453063,30.0,8.217343
848015.0,1.0,0.0,0.0,0.0,-12.33175,9.447719,30.0,8.220531
848116.0,1.0,0.0,0.0,0.0,-12.336164,9.447921,30.0,8.215915
848217.0,1.0,0.0,0.0,0.0,-12.337337,9.448955,30.0,8.213706
848318.0,1.0,0.0,0.0,0.0,-12.327839,9.454202,30.0,8.21796
848419.0,1.0,0.0,0.0,0.0,-12.329562,9.454796,30.0,8.215641
848520.0,1.0,0.0,0.0,0.0,-12.336359,9.451731,30.0,8.211912
848623.0,1.0,0.0,0.0,0.0,-12.332432,9.45629,30.0,8.211279
848725.0,1.0,0.0,0.0,0.0,-12.329479,9.455009,30.0,8.215511
848825.0,1.0,0.0,0.0,0.0,-12.336024,9.451263,30.0,8.212712
848926.0,1.0,0.0,0.0,0.0,-12.326389,9.457707,30.0,8.215903
849027.0,1.0,0.0,0.0,0.0,-12.32995,9.452532,30.0,8.217519
849128.0,1.0,0.0,0.0,0.0,-12.329182,9.455184,30.0,8.215634
849229.0,1.0,0.0,0.0,0.0,-12.333862,9.450581,30.0,8.215558
849330.0,1.0,0.0,0.0,0.0,-12.329788,9.4545,30.0,8.215711
849431.0,1.0,0.0,0.0,0.0,-12.336323,9.451081,30.0,8.212595
849531.0,1.0,0.0,0.0,0.0,-12.339417,9.449722,30.0,8.210863
849637.0,1.0,0.0,0.0,0.0,-12.32342,9.456783,30.0,8.219796
849738.0,1.0,0.0,0.0,0.0,-12.333038,9.44926,30.0,8.217703
849839.0,1.0,0.0,0.0,0.0,-12.332377,9.449626,30.0,8.217995
849940.0,1.0,0.0,0.0,0.0,-12.334379,9.451868,30.0,8.213754
850041.0,1.0,0.0,0.0,0.0,-12.33349,9.445594,30.0,8.220916
850142.0,1.0,0.0,0.0,0.0,-12.324745,9.458108,30.0,8.217148
850243.0,1.0,0.0,0.0,0.0,-12.331696,9.454345,30.0,8.213961
850343.0,1.0,0.0,0.0,0.0,-12.329697,9.453363,30.0,8.216941
850445.0,1.0,0.0,0.0,0.0,-12.319994,9.462309,30.0,8.217695
850546.0,1.0,0.0,0.0,0.0,-12.319974,9.457634,30.0,8.222392
850652.0,1.0,0.0,0.0,0.0,-12.325384,9.455194,30.0,8.219421
850753.0,1.0,0.0,0.0,0.0,-12.322738,9.452153,30.0,8.22511
850854.0,1.0,0.0,0.0,0.0,-12.313909,9.45652,30.0,8.229568
850955.0,1.0,0.0,0.0,0.0,-12.31319,9.458134,30.0,8.228677
851056.0,1.0,0.0,0.0,0.0,-12.322048,9.453059,30.0,8.224893
851157.0,1.0,0.0,0.0,0.0,-12.327954,9.44758,30.0,8.224463
851258.0,1.0,0.0,0.0,0.0,-12.326112,9.451577,30.0,8.222311
851359.0,1.0,0.0,0.0,0.0,-12.325912,9.450315,30.0,8.223774
851460.0,1.0,0.0,0.0,0.0,-12.323822,9.450582,30.0,8.225595
851561.0,1.0,0.0,0.0,0.0,-12.320064,9.455819,30.0,8.224116
851663.0,1.0,0.0,0.0,0.0,-12.328478,9.449607,30.0,8.221916
851766.0,1.0,0.0,0.0,0.0,-12.325056,9.450731,30.0,8.224212
851867.0,1.0,0.0,0.0,0.0,-12.334293,9.449663,30.0,8.216045
851967.0,1.0,0.0,0.0,0.0,-12.325123,9.4552,30.0,8.219678
852069.0,1.0,0.0,0.0,0.0,-12.318426,9.455415,30.0,8.226159
852169.0,1.0,0.0,0.0,0.0,-12.317054,9.456738,30.0,8.226211
852270.0,1.0,0.0,0.0,0.0,-12.335602,9.444575,30.0,8.219823
852371.0,1.0,0.0,0.0,0.0,-12.317591,9.458209,30.0,8.224198
852472.0,1.0,0.0,0.0,0.0,-12.322008,9.456405,30.0,8.221586
852573.0,1.0,0.0,0.0,0.0,-12.321957,9.451035,30.0,8.22701
852678.0,1.0,0.0,0.0,0.0,-12.332859,9.451427,30.0,8.215715
852778.0,1.0,0.0,0.0,0.0,-12.333086,9.450087,30.0,8.216829
852880.0,1.0,0.0,0.0,0.0,-12.324128,9.459081,30.0,8.216791
852980.0,1.0,0.0,0.0,0.0,-12.330075,9.451166,30.0,8.218758
853081.0,1.0,0.0,0.0,0.0,-12.321419,9.454531,30.0,8.224049
853182.0,1.0,0.0,0.0,0.0,-12.322622,9.456086,30.0,8.22129
853283.0,1.0,0.0,0.0,0.0,-12.325893,9.455448,30.0,8.218657
853384.0,1.0,0.0,0.0,0.0,-12.329535,9.450126,30.0,8.220338
853484.0,1.0,0.0,0.0,0.0,-12.325219,9.454063,30.0,8.220718
853585.0,1.0,0.0,0.0,0.0,-12.317513,9.456753,30.0,8.225733
853686.0,1.0,0.0,0.0,0.0,-12.320257,9.451018,30.0,8.228725
853786.0,1.0,0.0,0.0,0.0,-12.317972,9.456903,30.0,8.225125
853888.0,1.0,0.0,0.0,0.0,-12.3154,9.457143,30.0,8.227456
853989.0,1.0,0.0,0.0,0.0,-12.321315,9.453076,30.0,8.22561
854089.0,1.0,0.0,0.0,0.0,-12.321312,9.45035,30.0,8.228339
854190.0,1.0,0.0,0.0,0.0,-12.315128,9.451619,30.0,8.233253
854291.0,1.0,0.0,0.0,0.0,-12.319843,9.451735,30.0,8.228424
854392.0,1.0,0.0,0.0,0.0,-12.312763,9.455986,30.0,8.231252
854493.0,1.0,0.0,0.0,0.0,-12.31653,9.452151,30.0,8.231318
854594.0,1.0,0.0,0.0,0.0,-12.321097,9.451515,30.0,8.227388
854701.0,1.0,0.0,0.0,0.0,-12.298322,9.462224,30.0,8.239453
854801.0,1.0,0.0,0.0,0.0,-12.305471,9.456555,30.0,8.237973
854902.0,1.0,0.0,0.0,0.0,-12.303048,9.456167,30.0,8.240786
855003.0,1.0,0.0,0.0,0.0,-12.305543,9.453876,30.0,8.240582
855104.0,1.0,0.0,0.0,0.0,-12.304495,9.45221,30.0,8.243296
855205.0,1.0,0.0,0.0,0.0,-12.310127,9.453075,30.0,8.236797
855306.0,1.0,0.0,0.0,0.0,-12.299492,9.453372,30.0,8.247135
855407.0,1.0,0.0,0.0,0.0,-12.311695,9.450045,30.0,8.23826
855508.0,1.0,0.0,0.0,0.0,-12.300536,9.455702,30.0,8.243762
855609.0,1.0,0.0,0.0,0.0,-12.301102,9.453469,30.0,8.245428
855710.0,1.0,0.0,0.0,0.0,-12.302779,9.450745,30.0,8.246476
855811.0,1.0,0.0,0.0,0.0,-12.300432,9.453652,30.0,8.245916
855912.0,1.0,0.0,0.0,0.0,-12.302947,9.451141,30.0,8.24591
856013.0,1.0,0.0,0.0,0.0,-12.296525,9.458158,30.0,8.245317
856114.0,1.0,0.0,0.0,0.0,-12.29317,9.457949,30.0,8.248881
856215.0,1.0,0.0,0.0,0.0,-12.308411,9.44902,30.0,8.242571
856316.0,1.0,0.0,0.0,0.0,-12.308737,9.448513,30.0,8.242748
856417.0,1.0,0.0,0.0,0.0,-12.301229,9.452669,30.0,8.246102
856518.0,1.0,0.0,0.0,0.0,-12.308206,9.451313,30.0,8.240482
856619.0,1.0,0.0,0.0,0.0,-12.298541,9.456194,30.0,8.245267
856720.0,1.0,0.0,0.0,0.0,-12.300268,9.453129,30.0,8.246605
856823.0,1.0,0.0,0.0,0.0,-12.298804,9.451068,30.0,8.250126
856923.0,1.0,0.0,0.0,0.0,-12.305357,9.449422,30.0,8.245221
857024.0,1.0,0.0,0.0,0.0,-12.306162,9.449721,30.0,8.244117
857125.0,1.0,0.0,0.0,0.0,-12.28647,9.457988,30.0,8.255542
857226.0,1.0,0.0,0.0,0.0,-12.29889,9.452055,30.0,8.249055
857327.0,1.0,0.0,0.0,0.0,-12.302391,9.449526,30.0,8.248084
857428.0,1.0,0.0,0.0,0.0,-12.302094,9.453724,30.0,8.244183
857528.0,1.0,0.0,0.0,0.0,-12.303791,9.454774,30.0,8.241436
857629.0,1.0,0.0,0.0,0.0,-12.292259,9.456964,30.0,8.250778
857729.0,1.0,0.0,0.0,0.0,-12.296984,9.457111,30.0,8.245907
857830.0,1.0,0.0,0.0,0.0,-12.288602,9.460844,30.0,8.250553
857931.0,1.0,0.0,0.0,0.0,-12.284573,9.456478,30.0,8.258951
858032.0,1.0,0.0,0.0,0.0,-12.296796,9.45244,30.0,8.250763
858133.0,1.0,0.0,0.0,0.0,-12.298532,9.45166,30.0,8.249809
858233.0,1.0,0.0,0.0,0.0,-12.290892,9.456961,30.0,8.252148
858334.0,1.0,0.0,0.0,0.0,-12.2916,9.453644,30.0,8.254757
858435.0,1.0,0.0,0.0,0.0,-12.291281,9.455382,30.0,8.253338
858536.0,1.0,0.0,0.0,0.0,-12.29125,9.456957,30.0,8.251794
858637.0,1.0,0.0,0.0,0.0,-12.28912,9.456434,30.0,8.254444
858746.0,1.0,0.0,0.0,0.0,-12.286506,9.45645,30.0,8.257046
858849.0,1.0,0.0,0.0,0.0,-12.290416,9.458019,30.0,8.251567
858950.0,1.0,0.0,0.0,0.0,-12.291601,9.454975,30.0,8.253426
859051.0,1.0,0.0,0.0,0.0,-12.296916,9.455934,30.0,8.247149
859152.0,1.0,0.0,0.0,0.0,-12.299971,9.452887,30.0,8.247144
859253.0,1.0,0.0,0.0,0.0,-12.291166,9.451291,30.0,8.257544
859353.0,1.0,0.0,0.0,0.0,-12.290559,9.455656,30.0,8.253785
859455.0,1.0,0.0,0.0,0.0,-12.300747,9.455202,30.0,8.244051
859556.0,1.0,0.0,0.0,0.0,-12.290384,9.456093,30.0,8.253524
859657.0,1.0,0.0,0.0,0.0,-12.296467,9.45193,30.0,8.251601
859759.0,1.0,0.0,0.0,0.0,-12.298533,9.449968,30.0,8.251497
859860.0,1.0,0.0,0.0,0.0,-12.29209,9.449842,30.0,8.258069
859961.0,1.0,0.0,0.0,0.0,-12.295982,9.450455,30.0,8.253563
860062.0,1.0,0.0,0.0,0.0,-12.289883,9.452002,30.0,8.258117
860162.0,1.0,0.0,0.0,0.0,-12.296008,9.452079,30.0,8.251912
860263.0,1.0,0.0,0.0,0.0,-12.298829,9.448247,30.0,8.252926
860364.0,1.0,0.0,0.0,0.0,-12.286585,9.453749,30.0,8.259666
860465.0,1.0,0.0,0.0,0.0,-12.292574,9.450937,30.0,8.25649
860566.0,1.0,0.0,0.0,0.0,-12.289068,9.454258,30.0,8.256675
860667.0,1.0,0.0,0.0,0.0,-12.29353,9.452064,30.0,8.254408
860830.0,1.0,0.0,0.0,0.0,-12.293519,9.448851,30.0,8.257629
860933.0,1.0,0.0,0.0,0.0,-12.297597,9.448326,30.0,8.254076
861033.0,1.0,0.0,0.0,0.0,-12.303245,9.442069,30.0,8.254688
861134.0,1.0,0.0,0.0,0.0,-12.290252,9.450269,30.0,8.259479
861235.0,1.0,0.0,0.0,0.0,-12.3008,9.444464,30.0,8.254735
861336.0,1.0,0.0,0.0,0.0,-12.297068,9.445933,30.0,8.256999
861437.0,1.0,0.0,0.0,0.0,-12.301272,9.446724,30.0,8.252003
861538.0,1.0,0.0,0.0,0.0,-12.294139,9.446598,30.0,8.259264
861639.0,1.0,0.0,0.0,0.0,-12.300263,9.440668,30.0,8.259068
861740.0,1.0,0.0,0.0,0.0,-12.294607,9.445917,30.0,8.259475
861844.0,1.0,0.0,0.0,0.0,-12.29851,9.447605,30.0,8.253886
861945.0,1.0,0.0,0.0,0.0,-12.292692,9.451565,30.0,8.255742
862046.0,1.0,0.0,0.0,0.0,-12.287559,9.452051,30.0,8.260389
862147.0,1.0,0.0,0.0,0.0,-12.286349,9.4552,30.0,8.25845
862248.0,1.0,0.0,0.0,0.0,-12.292135,9.448651,30.0,8.259214
862348.0,1.0,0.0,0.0,0.0,-12.280104,9.452021,30.0,8.267878
862449.0,1.0,0.0,0.0,0.0,-12.288601,9.451159,30.0,8.260241
862550.0,1.0,0.0,0.0,0.0,-12.290221,9.449852,30.0,8.259926
862651.0,1.0,0.0,0.0,0.0,-12.282304,9.454359,30.0,8.263335
862752.0,1.0,0.0,0.0,0.0,-12.287785,9.451862,30.0,8.260354
862861.0,1.0,0.0,0.0,0.0,-12.288375,9.450712,30.0,8.260912
862964.0,1.0,0.0,0.0,0.0,-12.287916,9.447223,30.0,8.264859
863064.0,1.0,0.0,0.0,0.0,-12.280215,9.455473,30.0,8.264313
863165.0,1.0,0.0,0.0,0.0,-12.281446,9.453012,30.0,8.265542
863266.0,1.0,0.0,0.0,0.0,-12.287222,9.449906,30.0,8.262872
863367.0,1.0,0.0,0.0,0.0,-12.2812,9.453091,30.0,8.26571
863468.0,1.0,0.0,0.0,0.0,-12.280164,9.457675,30.0,8.262163
863569.0,1.0,0.0,0.0,0.0,-12.275558,9.453937,30.0,8.270505
863670.0,1.0,0.0,0.0,0.0,-12.278276,9.454062,30.0,8.267662
863771.0,1.0,0.0,0.0,0.0,-12.282388,9.449937,30.0,8.267677
863874.0,1.0,0.0,0.0,0.0,-12.293108,9.449458,30.0,8.257433
863975.0,1.0,0.0,0.0,0.0,-12.274117,9.460059,30.0,8.265824
864076.0,1.0,0.0,0.0,0.0,-12.287342,9.451397,30.0,8.261262
864177.0,1.0,0.0,0.0,0.0,-12.281763,9.452809,30.0,8.265429
864278.0,1.0,0.0,0.0,0.0,-12.276525,9.453896,30.0,8.269581
864379.0,1.0,0.0,0.0,0.0,-12.275726,9.457639,30.0,8.266634
864480.0,1.0,0.0,0.0,0.0,-12.279528,9.452631,30.0,8.26784
864581.0,1.0,0.0,0.0,0.0,-12.277905,9.452826,30.0,8.269268
864682.0,1.0,0.0,0.0,0.0,-12.28254,9.451227,30.0,8.266232
864783.0,1.0,0.0,0.0,0.0,-12.285724,9.450147,30.0,8.264131
864889.0,1.0,0.0,0.0,0.0,-12.271566,9.454086,30.0,8.274344
864989.0,1.0,0.0,0.0,0.0,-12.285498,9.447081,30.0,8.267421
865090.0,1.0,0.0,0.0,0.0,-12.279197,9.447329,30.0,8.273475
865191.0,1.0,0.0,0.0,0.0,-12.281847,9.447039,30.0,8.271114
865292.0,1.0,0.0,0.0,0.0,-12.268665,9.453954,30.0,8.27738
865393.0,1.0,0.0,0.0,0.0,-12.274626,9.449469,30.0,8.275906
865494.0,1.0,0.0,0.0,0.0,-12.282074,9.448125,30.0,8.2698
865595.0,1.0,0.0,0.0,0.0,-12.277992,9.451531,30.0,8.270477
865696.0,1.0,0.0,0.0,0.0,-12.266345,9.45244,30.0,8.281213
865797.0,1.0,0.0,0.0,0.0,-12.276572,9.448783,30.0,8.274643
865898.0,1.0,0.0,0.0,0.0,-12.279976,9.448794,30.0,8.271229
865999.0,1.0,0.0,0.0,0.0,-12.280853,9.448473,30.0,8.270675
866100.0,1.0,0.0,0.0,0.0,-12.277267,9.446729,30.0,8.276004
866201.0,1.0,0.0,0.0,0.0,-12.278522,9.44842,30.0,8.273058
866302.0,1.0,0.0,0.0,0.0,-12.284042,9.441234,30.0,8.274723
866403.0,1.0,0.0,0.0,0.0,-12.276198,9.449204,30.0,8.274597
866504.0,1.0,0.0,0.0,0.0,-12.276262,9.445152,30.0,8.278586
866605.0,1.0,0.0,0.0,0.0,-12.282835,9.443959,30.0,8.273207
866706.0,1.0,0.0,0.0,0.0,-12.27365,9.447503,30.0,8.278849
866807.0,1.0,0.0,0.0,0.0,-12.290132,9.441469,30.0,8.268401
866912.0,1.0,0.0,0.0,0.0,-12.281184,9.447182,30.0,8.271636
867014.0,1.0,0.0,0.0,0.0,-12.279877,9.441602,30.0,8.27852
867114.0,1.0,0.0,0.0,0.0,-12.271075,9.447358,30.0,8.281568
867215.0,1.0,0.0,0.0,0.0,-12.270366,9.450299,30.0,8.279334
867316.0,1.0,0.0,0.0,0.0,-12.279761,9.443371,30.0,8.276869
867417.0,1.0,0.0,0.0,0.0,-12.277734,9.442739,30.0,8.279529
867518.0,1.0,0.0,0.0,0.0,-12.282666,9.44021,30.0,8.277122
867619.0,1.0,0.0,0.0,0.0,-12.271602,9.445386,30.0,8.283013
867719.0,1.0,0.0,0.0,0.0,-12.272092,9.444024,30.0,8.283883
867820.0,1.0,0.0,0.0,0.0,-12.267634,9.450171,30.0,8.282196
867925.0,1.0,0.0,0.0,0.0,-12.27713,9.445753,30.0,8.277118
868026.0,1.0,0.0,0.0,0.0,-12.281707,9.445135,30.0,8.273157
868127.0,1.0,0.0,0.0,0.0,-12.273479,9.446173,30.0,8.280348
868228.0,1.0,0.0,0.0,0.0,-12.279534,9.444138,30.0,8.276329
868329.0,1.0,0.0,0.0,0.0,-12.280418,9.440828,30.0,8.278752
868430.0,1.0,0.0,0.0,0.0,-12.288241,9.436033,30.0,8.275727
868531.0,1.0,0.0,0.0,0.0,-12.285559,9.439149,30.0,8.275293
868632.0,1.0,0.0,0.0,0.0,-12.285669,9.441894,30.0,8.272436
868733.0,1.0,0.0,0.0,0.0,-12.281012,9.439051,30.0,8.279936
868834.0,1.0,0.0,0.0,0.0,-12.285392,9.438378,30.0,8.276232
868937.0,1.0,0.0,0.0,0.0,-12.275124,9.440139,30.0,8.284737
869038.0,1.0,0.0,0.0,0.0,-12.280476,9.441483,30.0,8.278041
869139.0,1.0,0.0,0.0,0.0,-12.282986,9.436806,30.0,8.280209
869240.0,1.0,0.0,0.0,0.0,-12.284041,9.436077,30.0,8.279881
869341.0,1.0,0.0,0.0,0.0,-12.272775,9.444228,30.0,8.282996
869441.0,1.0,0.0,0.0,0.0,-12.277658,9.440544,30.0,8.281799
869543.0,1.0,0.0,0.0,0.0,-12.27563,9.442876,30.0,8.281492
869644.0,1.0,0.0,0.0,0.0,-12.277681,9.44194,30.0,8.28038
869745.0,1.0,0.0,0.0,0.0,-12.273084,9.444846,30.0,8.282069
869846.0,1.0,0.0,0.0,0.0,-12.263215,9.447323,30.0,8.289463
869953.0,1.0,0.0,0.0,0.0,-12.265875,9.442873,30.0,8.291252
870054.0,1.0,0.0,0.0,0.0,-12.262692,9.443613,30.0,8.293696
870155.0,1.0,0.0,0.0,0.0,-12.27086,9.441629,30.0,8.287512
870256.0,1.0,0.0,0.0,0.0,-12.26695,9.441307,30.0,8.291742
870356.0,1.0,0.0,0.0,0.0,-12.25985,9.445527,30.0,8.294623
870457.0,1.0,0.0,0.0,0.0,-12.267744,9.439942,30.0,8.292312
870558.0,1.0,0.0,0.0,0.0,-12.269502,9.435221,30.0,8.295276
870659.0,1.0,0.0,0.0,0.0,-12.268565,9.439066,30.0,8.292368
870760.0,1.0,0.0,0.0,0.0,-12.268721,9.437717,30.0,8.293561
870861.0,1.0,0.0,0.0,0.0,-12.269237,9.439725,30.0,8.291038
870966.0,1.0,0.0,0.0,0.0,-12.274607,9.436071,30.0,8.28932
871067.0,1.0,0.0,0.0,0.0,-12.266953,9.442269,30.0,8.290779
871168.0,1.0,0.0,0.0,0.0,-12.260314,9.442115,30.0,8.297571
871269.0,1.0,0.0,0.0,0.0,-12.277756,9.435834,30.0,8.286409
871370.0,1.0,0.0,0.0,0.0,-12.271605,9.43739,30.0,8.291006
871471.0,1.0,0.0,0.0,0.0,-12.265621,9.443719,30.0,8.290661
871571.0,1.0,0.0,0.0,0.0,-12.271288,9.439581,30.0,8.289131
871673.0,1.0,0.0,0.0,0.0,-12.266572,9.438815,30.0,8.294612
871774.0,1.0,0.0,0.0,0.0,-12.258816,9.441816,30.0,8.299369
871875.0,1.0,0.0,0.0,0.0,-12.262582,9.439664,30.0,8.297756
871977.0,1.0,0.0,0.0,0.0,-12.262838,9.439272,30.0,8.29789
872077.0,1.0,0.0,0.0,0.0,-12.257491,9.442636,30.0,8.299872
872178.0,1.0,0.0,0.0,0.0,-12.269566,9.439177,30.0,8.29126
872279.0,1.0,0.0,0.0,0.0,-12.261723,9.439242,30.0,8.299037
872380.0,1.0,0.0,0.0,0.0,-12.260482,9.44204,30.0,8.297479
872481.0,1.0,0.0,0.0,0.0,-12.262129,9.439254,30.0,8.298616
872683.0,1.0,0.0,0.0,0.0,-12.263431,9.440516,30.0,8.296055
872787.0,1.0,0.0,0.0,0.0,-12.267269,9.435764,30.0,8.296966
872890.0,1.0,0.0,0.0,0.0,-12.256816,9.443208,30.0,8.299978
872996.0,1.0,0.0,0.0,0.0,-12.262123,9.440894,30.0,8.296984
873098.0,1.0,0.0,0.0,0.0,-12.269108,9.434045,30.0,8.296845
873201.0,1.0,0.0,0.0,0.0,-12.269903,9.432371,30.0,8.297728
873303.0,1.0,0.0,0.0,0.0,-12.267513,9.439934,30.0,8.292553
873404.0,1.0,0.0,0.0,0.0,-12.260827,9.440622,30.0,8.29855
873507.0,1.0,0.0,0.0,0.0,-12.261793,9.43929,30.0,8.29892
873610.0,1.0,0.0,0.0,0.0,-12.266593,9.43755,30.0,8.295858
873713.0,1.0,0.0,0.0,0.0,-12.259807,9.435451,30.0,8.304742
873814.0,1.0,0.0,0.0,0.0,-12.263221,9.435445,30.0,8.301336
873915.0,1.0,0.0,0.0,0.0,-12.254691,9.442195,30.0,8.303113
874020.0,1.0,0.0,0.0,0.0,-12.250952,9.443137,30.0,8.305911
874125.0,1.0,0.0,0.0,0.0,-12.258003,9.435719,30.0,8.306278
874232.0,1.0,0.0,0.0,0.0,-12.254246,9.439219,30.0,8.306537
874337.0,1.0,0.0,0.0,0.0,-12.243947,9.443582,30.0,8.312472
874441.0,1.0,0.0,0.0,0.0,-12.254055,9.439164,30.0,8.306783
874543.0,1.0,0.0,0.0,0.0,-12.247532,9.444114,30.0,8.308356
874647.0,1.0,0.0,0.0,0.0,-12.250368,9.443501,30.0,8.306129
874750.0,1.0,0.0,0.0,0.0,-12.251819,9.443979,30.0,8.3042
874853.0,1.0,0.0,0.0,0.0,-12.259215,9.439098,30.0,8.301684
874956.0,1.0,0.0,0.0,0.0,-12.246073,9.448382,30.0,8.305544
875062.0,1.0,0.0,0.0,0.0,-12.247189,9.443778,30.0,8.309032
875165.0,1.0,0.0,0.0,0.0,-12.244854,9.444155,30.0,8.310993
875268.0,1.0,0.0,0.0,0.0,-12.252746,9.441692,30.0,8.305563
875370.0,1.0,0.0,0.0,0.0,-12.248857,9.441462,30.0,8.309681
875473.0,1.0,0.0,0.0,0.0,-12.245834,9.443545,30.0,8.31062
875576.0,1.0,0.0,0.0,0.0,-12.248878,9.443562,30.0,8.30756
875679.0,1.0,0.0,0.0,0.0,-12.249396,9.442376,30.0,8.308228
875782.0,1.0,0.0,0.0,0.0,-12.251207,9.443066,30.0,8.305728
875885.0,1.0,0.0,0.0,0.0,-12.250679,9.442245,30.0,8.307076
875986.0,1.0,0.0,0.0,0.0,-12.254333,9.440502,30.0,8.305167
876088.0,1.0,0.0,0.0,0.0,-12.250879,9.44234,30.0,8.306784
876189.0,1.0,0.0,0.0,0.0,-12.247463,9.443002,30.0,8.309535
876290.0,1.0,0.0,0.0,0.0,-12.238949,9.447124,30.0,8.313926
876391.0,1.0,0.0,0.0,0.0,-12.230323,9.446924,30.0,8.322751
876492.0,1.0,0.0,0.0,0.0,-12.237031,9.444407,30.0,8.318561
876593.0,1.0,0.0,0.0,0.0,-12.237163,9.442002,30.0,8.320835
876694.0,1.0,0.0,0.0,0.0,-12.23599,9.445286,30.0,8.318727
876796.0,1.0,0.0,0.0,0.0,-12.234983,9.441736,30.0,8.32328
876897.0,1.0,0.0,0.0,0.0,-12.241791,9.441518,30.0,8.316692
876998.0,1.0,0.0,0.0,0.0,-12.242446,9.441754,30.0,8.3158
877105.0,1.0,0.0,0.0,0.0,-12.229625,9.448739,30.0,8.321635
877206.0,1.0,0.0,0.0,0.0,-12.2349,9.445972,30.0,8.319126
877307.0,1.0,0.0,0.0,0.0,-12.240528,9.440166,30.0,8.319307
877408.0,1.0,0.0,0.0,0.0,-12.233979,9.445923,30.0,8.320096
877509.0,1.0,0.0,0.0,0.0,-12.224749,9.451052,30.0,8.324202
877610.0,1.0,0.0,0.0,0.0,-12.222155,9.451043,30.0,8.326801
877711.0,1.0,0.0,0.0,0.0,-12.227443,9.448673,30.0,8.323885
877813.0,1.0,0.0,0.0,0.0,-12.236049,9.438613,30.0,8.325339
877914.0,1.0,0.0,0.0,0.0,-12.22188,9.449517,30.0,8.328603
878015.0,1.0,0.0,0.0,0.0,-12.232538,9.440008,30.0,8.327456
878119.0,1.0,0.0,0.0,0.0,-12.231257,9.441294,30.0,8.327451
878220.0,1.0,0.0,0.0,0.0,-12.229387,9.442997,30.0,8.327615
878321.0,1.0,0.0,0.0,0.0,-12.22053,9.446185,30.0,8.333286
878422.0,1.0,0.0,0.0,0.0,-12.231128,9.443596,30.0,8.325277
878523.0,1.0,0.0,0.0,0.0,-12.228808,9.44097,30.0,8.330219
878624.0,1.0,0.0,0.0,0.0,-12.226914,9.44535,30.0,8.327737
878725.0,1.0,0.0,0.0,0.0,-12.22258,9.44504,30.0,8.33238
878826.0,1.0,0.0,0.0,0.0,-12.227791,9.444596,30.0,8.327615
878927.0,1.0,0.0,0.0,0.0,-12.226971,9.444193,30.0,8.328835
879028.0,1.0,0.0,0.0,0.0,-12.217287,9.446014,30.0,8.336699
879130.0,1.0,0.0,0.0,0.0,-12.214698,9.448103,30.0,8.3372
879230.0,1.0,0.0,0.0,0.0,-12.223517,9.441277,30.0,8.335207
879331.0,1.0,0.0,0.0,0.0,-12.221618,9.441747,30.0,8.336635
879432.0,1.0,0.0,0.0,0.0,-12.217499,9.443753,30.0,8.338748
879533.0,1.0,0.0,0.0,0.0,-12.218291,9.440455,30.0,8.341254
879634.0,1.0,0.0,0.0,0.0,-12.218128,9.443815,30.0,8.338055
879735.0,1.0,0.0,0.0,0.0,-12.216123,9.444361,30.0,8.339517
879837.0,1.0,0.0,0.0,0.0,-12.21407,9.447375,30.0,8.338554
879938.0,1.0,0.0,0.0,0.0,-12.219408,9.446227,30.0,8.334367
880039.0,1.0,0.0,0.0,0.0,-12.208837,9.445218,30.0,8.345946
880140.0,1.0,0.0,0.0,0.0,-12.214798,9.44398,30.0,8.341223
880241.0,1.0,0.0,0.0,0.0,-12.21533,9.444554,30.0,8.340118
880342.0,1.0,0.0,0.0,0.0,-12.223728,9.437192,30.0,8.33908
880443.0,1.0,0.0,0.0,0.0,-12.215184,9.443534,30.0,8.341282
880545.0,1.0,0.0,0.0,0.0,-12.219258,9.441164,30.0,8.339577
880646.0,1.0,0.0,0.0,0.0,-12.220712,9.442332,30.0,8.336956
880747.0,1.0,0.0,0.0,0.0,-12.221297,9.445575,30.0,8.333128
880848.0,1.0,0.0,0.0,0.0,-12.219756,9.442693,30.0,8.33755
880950.0,1.0,0.0,0.0,0.0,-12.215899,9.443663,30.0,8.340438
881051.0,1.0,0.0,0.0,0.0,-12.207077,9.449739,30.0,8.343185
881156.0,1.0,0.0,0.0,0.0,-12.218743,9.444335,30.0,8.336924
881262.0,1.0,0.0,0.0,0.0,-12.218921,9.441155,30.0,8.339925
881362.0,1.0,0.0,0.0,0.0,-12.217755,9.446935,30.0,8.335309
881464.0,1.0,0.0,0.0,0.0,-12.211092,9.450988,30.0,8.337921
881565.0,1.0,0.0,0.0,0.0,-12.210847,9.448894,30.0,8.34026
881666.0,1.0,0.0,0.0,0.0,-12.213776,9.442936,30.0,8.343287
881767.0,1.0,0.0,0.0,0.0,-12.208776,9.4459,30.0,8.345325
881868.0,1.0,0.0,0.0,0.0,-12.221984,9.440027,30.0,8.337987
881970.0,1.0,0.0,0.0,0.0,-12.207941,9.450563,30.0,8.341495
882070.0,1.0,0.0,0.0,0.0,-12.211076,9.445262,30.0,8.343663
882175.0,1.0,0.0,0.0,0.0,-12.211234,9.440679,30.0,8.348088
882276.0,1.0,0.0,0.0,0.0,-12.214868,9.441473,30.0,8.343659
882377.0,1.0,0.0,0.0,0.0,-12.207689,9.440773,30.0,8.35154
882479.0,1.0,0.0,0.0,0.0,-12.208731,9.441196,30.0,8.350075
882580.0,1.0,0.0,0.0,0.0,-12.203427,9.444998,30.0,8.351574
882680.0,1.0,0.0,0.0,0.0,-12.205671,9.445831,30.0,8.348499
882782.0,1.0,0.0,0.0,0.0,-12.203528,9.442656,30.0,8.353818
882883.0,1.0,0.0,0.0,0.0,-12.209317,9.443591,30.0,8.347091
882984.0,1.0,0.0,0.0,0.0,-12.204586,9.442986,30.0,8.352428
883085.0,1.0,0.0,0.0,0.0,-12.213008,9.436701,30.0,8.350292
883188.0,1.0,0.0,0.0,0.0,-12.208435,9.436958,30.0,8.354607
883289.0,1.0,0.0,0.0,0.0,-12.195243,9.446796,30.0,8.357961
883391.0,1.0,0.0,0.0,0.0,-12.20575,9.443421,30.0,8.350827
883492.0,1.0,0.0,0.0,0.0,-12.216536,9.435833,30.0,8.34763
883593.0,1.0,0.0,0.0,0.0,-12.20643,9.439571,30.0,8.353998
883694.0,1.0,0.0,0.0,0.0,-12.205527,9.440063,30.0,8.354408
883795.0,1.0,0.0,0.0,0.0,-12.19705,9.4402,30.0,8.362748
883896.0,1.0,0.0,0.0,0.0,-12.200792,9.441794,30.0,8.357415
883997.0,1.0,0.0,0.0,0.0,-12.202581,9.439775,30.0,8.357643
884098.0,1.0,0.0,0.0,0.0,-12.198427,9.443811,30.0,8.35776
884198.0,1.0,0.0,0.0,0.0,-12.207004,9.441967,30.0,8.351032
884299.0,1.0,0.0,0.0,0.0,-12.201965,9.444149,30.0,8.353885
884400.0,1.0,0.0,0.0,0.0,-12.201166,9.440986,30.0,8.357849
884501.0,1.0,0.0,0.0,0.0,-12.202009,9.440424,30.0,8.357567
884602.0,1.0,0.0,0.0,0.0,-12.197394,9.444219,30.0,8.358385
884703.0,1.0,0.0,0.0,0.0,-12.214553,9.438078,30.0,8.34737
884804.0,1.0,0.0,0.0,0.0,-12.205188,9.44134,30.0,8.353473
884905.0,1.0,0.0,0.0,0.0,-12.20247,9.439669,30.0,8.357862
885006.0,1.0,0.0,0.0,0.0,-12.200688,9.441908,30.0,8.357403
885107.0,1.0,0.0,0.0,0.0,-12.205445,9.43754,30.0,8.357016
885212.0,1.0,0.0,0.0,0.0,-12.210179,9.438394,30.0,8.351429
885313.0,1.0,0.0,0.0,0.0,-12.199596,9.442012,30.0,8.35839
885414.0,1.0,0.0,0.0,0.0,-12.204185,9.442972,30.0,8.352844
885515.0,1.0,0.0,0.0,0.0,-12.200853,9.439748,30.0,8.359399
885616.0,1.0,0.0,0.0,0.0,-12.193201,9.441958,30.0,8.364841
885717.0,1.0,0.0,0.0,0.0,-12.189527,9.443435,30.0,8.36704
885818.0,1.0,0.0,0.0,0.0,-12.203376,9.437456,30.0,8.359167
885919.0,1.0,0.0,0.0,0.0,-12.194416,9.445376,30.0,8.360205
886021.0,1.0,0.0,0.0,0.0,-12.196866,9.439867,30.0,8.363267
886122.0,1.0,0.0,0.0,0.0,-12.20194,9.441274,30.0,8.356785
886224.0,1.0,0.0,0.0,0.0,-12.19837,9.446419,30.0,8.355209
886326.0,1.0,0.0,0.0,0.0,-12.199948,9.440963,30.0,8.35909
886427.0,1.0,0.0,0.0,0.0,-12.196958,9.441654,30.0,8.361389
886528.0,1.0,0.0,0.0,0.0,-12.19858,9.439391,30.0,8.36203
886629.0,1.0,0.0,0.0,0.0,-12.196097,9.440714,30.0,8.36319
886730.0,1.0,0.0,0.0,0.0,-12.192706,9.446527,30.0,8.360768
886831.0,1.0,0.0,0.0,0.0,-12.199655,9.440169,30.0,8.360174
886932.0,1.0,0.0,0.0,0.0,-12.188165,9.444684,30.0,8.367152
887033.0,1.0,0.0,0.0,0.0,-12.175633,9.451755,30.0,8.372611
887134.0,1.0,0.0,0.0,0.0,-12.194214,9.439539,30.0,8.366247
887238.0,1.0,0.0,0.0,0.0,-12.177712,9.450974,30.0,8.371316
887339.0,1.0,0.0,0.0,0.0,-12.17833,9.451219,30.0,8.370453
887440.0,1.0,0.0,0.0,0.0,-12.177702,9.449467,30.0,8.372831
887541.0,1.0,0.0,0.0,0.0,-12.179936,9.449468,30.0,8.370596
887642.0,1.0,0.0,0.0,0.0,-12.177638,9.448135,30.0,8.374228
887743.0,1.0,0.0,0.0,0.0,-12.170852,9.456248,30.0,8.372899
887844.0,1.0,0.0,0.0,0.0,-12.185764,9.44094,30.0,8.373296
887946.0,1.0,0.0,0.0,0.0,-12.171244,9.447783,30.0,8.380974
888047.0,1.0,0.0,0.0,0.0,-12.17139,9.448846,30.0,8.379764
888148.0,1.0,0.0,0.0,0.0,-12.171407,9.447805,30.0,8.38079
888254.0,1.0,0.0,0.0,0.0,-12.175781,9.443713,30.0,8.380506
888354.0,1.0,0.0,0.0,0.0,-12.17552,9.44525,30.0,8.37923
888456.0,1.0,0.0,0.0,0.0,-12.16937,9.449331,30.0,8.381299
888557.0,1.0,0.0,0.0,0.0,-12.170269,9.443149,30.0,8.386582
888659.0,1.0,0.0,0.0,0.0,-12.172662,9.441833,30.0,8.385507
888760.0,1.0,0.0,0.0,0.0,-12.174847,9.443779,30.0,8.381375
888861.0,1.0,0.0,0.0,0.0,-12.180069,9.439576,30.0,8.380354
888962.0,1.0,0.0,0.0,0.0,-12.178061,9.439466,30.0,8.382475
889063.0,1.0,0.0,0.0,0.0,-12.168423,9.446692,30.0,8.384887
889164.0,1.0,0.0,0.0,0.0,-12.171554,9.440954,30.0,8.387492
889269.0,1.0,0.0,0.0,0.0,-12.170899,9.44222,30.0,8.386881
889370.0,1.0,0.0,0.0,0.0,-12.164039,9.444944,30.0,8.391018
889471.0,1.0,0.0,0.0,0.0,-12.169069,9.444718,30.0,8.386209
889573.0,1.0,0.0,0.0,0.0,-12.16857,9.444703,30.0,8.386725
889673.0,1.0,0.0,0.0,0.0,-12.167262,9.444942,30.0,8.387795
889774.0,1.0,0.0,0.0,0.0,-12.162714,9.44538,30.0,8.391905
889875.0,1.0,0.0,0.0,0.0,-12.173268,9.439201,30.0,8.387531
889976.0,1.0,0.0,0.0,0.0,-12.165288,9.448921,30.0,8.385792
890078.0,1.0,0.0,0.0,0.0,-12.16892,9.440505,30.0,8.390574
890179.0,1.0,0.0,0.0,0.0,-12.175383,9.439472,30.0,8.385145
890285.0,1.0,0.0,0.0,0.0,-12.174904,9.437677,30.0,8.38742
890386.0,1.0,0.0,0.0,0.0,-12.171103,9.441028,30.0,8.387869
890486.0,1.0,0.0,0.0,0.0,-12.175742,9.440495,30.0,8.383761
890588.0,1.0,0.0,0.0,0.0,-12.174919,9.438212,30.0,8.386868
890689.0,1.0,0.0,0.0,0.0,-12.167212,9.447755,30.0,8.385035
890790.0,1.0,0.0,0.0,0.0,-12.163946,9.444808,30.0,8.391245
890891.0,1.0,0.0,0.0,0.0,-12.16979,9.443558,30.0,8.386654
890992.0,1.0,0.0,0.0,0.0,-12.177243,9.440243,30.0,8.382513
891093.0,1.0,0.0,0.0,0.0,-12.168616,9.445437,30.0,8.385945
891194.0,1.0,0.0,0.0,0.0,-12.168238,9.442777,30.0,8.388987
891297.0,1.0,0.0,0.0,0.0,-12.155311,9.449408,30.0,8.395279
891398.0,1.0,0.0,0.0,0.0,-12.150542,9.449434,30.0,8.400026
891499.0,1.0,0.0,0.0,0.0,-12.159117,9.44331,30.0,8.397573
891600.0,1.0,0.0,0.0,0.0,-12.152213,9.443292,30.0,8.404494
891701.0,1.0,0.0,0.0,0.0,-12.15329,9.446623,30.0,8.400088
891802.0,1.0,0.0,0.0,0.0,-12.162675,9.441404,30.0,8.395922
891903.0,1.0,0.0,0.0,0.0,-12.167817,9.43705,30.0,8.395134
892004.0,1.0,0.0,0.0,0.0,-12.155404,9.441428,30.0,8.403166
892105.0,1.0,0.0,0.0,0.0,-12.159801,9.437577,30.0,8.402622
892206.0,1.0,0.0,0.0,0.0,-12.150653,9.44691,30.0,8.402436
892311.0,1.0,0.0,0.0,0.0,-12.155733,9.445097,30.0,8.399169
892413.0,1.0,0.0,0.0,0.0,-12.159025,9.440842,30.0,8.400133
892514.0,1.0,0.0,0.0,0.0,-12.152748,9.442439,30.0,8.404815
892615.0,1.0,0.0,0.0,0.0,-12.157562,9.44138,30.0,8.401059
892716.0,1.0,0.0,0.0,0.0,-12.148779,9.443579,30.0,8.407644
892817.0,1.0,0.0,0.0,0.0,-12.151598,9.442695,30.0,8.405706
892918.0,1.0,0.0,0.0,0.0,-12.151598,9.441696,30.0,8.406706
893019.0,1.0,0.0,0.0,0.0,-12.142805,9.449088,30.0,8.408107
893120.0,1.0,0.0,0.0,0.0,-12.160487,9.436697,30.0,8.402817
893221.0,1.0,0.0,0.0,0.0,-12.150733,9.43948,30.0,8.409787
893379.0,1.0,0.0,0.0,0.0,-12.150329,9.442255,30.0,8.407415
893480.0,1.0,0.0,0.0,0.0,-12.150704,9.439277,30.0,8.41002
893581.0,1.0,0.0,0.0,0.0,-12.140231,9.443982,30.0,8.415786
893682.0,1.0,0.0,0.0,0.0,-12.13894,9.448255,30.0,8.412804
893783.0,1.0,0.0,0.0,0.0,-12.142105,9.441652,30.0,8.416242
893884.0,1.0,0.0,0.0,0.0,-12.148596,9.439701,30.0,8.411704
893985.0,1.0,0.0,0.0,0.0,-12.144135,9.440771,30.0,8.415092
894086.0,1.0,0.0,0.0,0.0,-12.1418,9.440224,30.0,8.417976
894187.0,1.0,0.0,0.0,0.0,-12.137969,9.444013,30.0,8.418017
894288.0,1.0,0.0,0.0,0.0,-12.13936,9.443232,30.0,8.417408
894391.0,1.0,0.0,0.0,0.0,-12.13902,9.442377,30.0,8.418603
894492.0,1.0,0.0,0.0,0.0,-12.149093,9.436211,30.0,8.414695
894593.0,1.0,0.0,0.0,0.0,-12.142524,9.440654,30.0,8.416822
894694.0,1.0,0.0,0.0,0.0,-12.130062,9.444342,30.0,8.425594
894795.0,1.0,0.0,0.0,0.0,-12.144969,9.435567,30.0,8.419464
894896.0,1.0,0.0,0.0,0.0,-12.13789,9.44245,30.0,8.419661
894997.0,1.0,0.0,0.0,0.0,-12.143687,9.440844,30.0,8.415468
895098.0,1.0,0.0,0.0,0.0,-12.142776,9.439912,30.0,8.41731
895199.0,1.0,0.0,0.0,0.0,-12.144444,9.438441,30.0,8.417116
895301.0,1.0,0.0,0.0,0.0,-12.152186,9.432393,30.0,8.415422
895402.0,1.0,0.0,0.0,0.0,-12.148107,9.435012,30.0,8.416883
895507.0,1.0,0.0,0.0,0.0,-12.136245,9.441018,30.0,8.422736
895609.0,1.0,0.0,0.0,0.0,-12.134667,9.437946,30.0,8.427385
895710.0,1.0,0.0,0.0,0.0,-12.135002,9.441998,30.0,8.423
895811.0,1.0,0.0,0.0,0.0,-12.143858,9.435452,30.0,8.420689
895912.0,1.0,0.0,0.0,0.0,-12.137303,9.436449,30.0,8.426249
896013.0,1.0,0.0,0.0,0.0,-12.128112,9.439219,30.0,8.432669
896114.0,1.0,0.0,0.0,0.0,-12.12687,9.441164,30.0,8.431967
896215.0,1.0,0.0,0.0,0.0,-12.131209,9.439873,30.0,8.428918
896316.0,1.0,0.0,0.0,0.0,-12.130499,9.435946,30.0,8.433557
896416.0,1.0,0.0,0.0,0.0,-12.134295,9.437428,30.0,8.428278
896517.0,1.0,0.0,0.0,0.0,-12.142705,9.431589,30.0,8.425704
896618.0,1.0,0.0,0.0,0.0,-12.133282,9.438232,30.0,8.428486
896719.0,1.0,0.0,0.0,0.0,-12.129572,9.435989,30.0,8.434439
896820.0,1.0,0.0,0.0,0.0,-12.131652,9.437251,30.0,8.431098
896922.0,1.0,0.0,0.0,0.0,-12.126919,9.441483,30.0,8.431598
897022.0,1.0,0.0,0.0,0.0,-12.12674,9.438476,30.0,8.434783
897123.0,1.0,0.0,0.0,0.0,-12.120884,9.440452,30.0,8.438663
897224.0,1.0,0.0,0.0,0.0,-12.122033,9.43875,30.0,8.439216
897325.0,1.0,0.0,0.0,0.0,-12.122048,9.442785,30.0,8.435166
897431.0,1.0,0.0,0.0,0.0,-12.124402,9.440353,30.0,8.435246
897537.0,1.0,0.0,0.0,0.0,-12.12144,9.441205,30.0,8.437354
897638.0,1.0,0.0,0.0,0.0,-12.122578,9.443367,30.0,8.434056
897739.0,1.0,0.0,0.0,0.0,-12.128179,9.440392,30.0,8.43143
897841.0,1.0,0.0,0.0,0.0,-12.123246,9.439224,30.0,8.43753
897941.0,1.0,0.0,0.0,0.0,-12.116337,9.440604,30.0,8.44306
898042.0,1.0,0.0,0.0,0.0,-12.119328,9.441687,30.0,8.438987
898144.0,1.0,0.0,0.0,0.0,-12.11893,9.438313,30.0,8.442756
898245.0,1.0,0.0,0.0,0.0,-12.12863,9.436813,30.0,8.434556
898346.0,1.0,0.0,0.0,0.0,-12.117809,9.441405,30.0,8.440787
898448.0,1.0,0.0,0.0,0.0,-12.11573,9.438532,30.0,8.445738
898549.0,1.0,0.0,0.0,0.0,-12.115288,9.440882,30.0,8.443831
898651.0,1.0,0.0,0.0,0.0,-12.108655,9.446113,30.0,8.445231
898752.0,1.0,0.0,0.0,0.0,-12.113164,9.440119,30.0,8.446717
898853.0,1.0,0.0,0.0,0.0,-12.116796,9.438171,30.0,8.445034
898954.0,1.0,0.0,0.0,0.0,-12.116782,9.43573,30.0,8.447489
899055.0,1.0,0.0,0.0,0.0,-12.110949,9.44456,30.0,8.444489
899157.0,1.0,0.0,0.0,0.0,-12.112656,9.436636,30.0,8.450708
899258.0,1.0,0.0,0.0,0.0,-12.111103,9.437521,30.0,8.451375
899358.0,1.0,0.0,0.0,0.0,-12.120063,9.432264,30.0,8.447672
899466.0,1.0,0.0,0.0,0.0,-12.115617,9.435175,30.0,8.449209
899566.0,1.0,0.0,0.0,0.0,-12.111352,9.434978,30.0,8.453672
899667.0,1.0,0.0,0.0,0.0,-12.106401,9.440822,30.0,8.452777
899768.0,1.0,0.0,0.0,0.0,-12.103578,9.439971,30.0,8.45645
899869.0,1.0,0.0,0.0,0.0,-12.112081,9.435257,30.0,8.452662
899970.0,1.0,0.0,0.0,0.0,-12.113455,9.434221,30.0,8.452325
900071.0,1.0,0.0,0.0,0.0,-12.102164,9.438694,30.0,8.45914
900172.0,1.0,0.0,0.0,0.0,-12.106547,9.43796,30.0,8.455494
900273.0,1.0,0.0,0.0,0.0,-12.108195,9.436932,30.0,8.454873
900374.0,1.0,0.0,0.0,0.0,-12.101183,9.43925,30.0,8.459568
900479.0,1.0,0.0,0.0,0.0,-12.104742,9.433467,30.0,8.461789
900580.0,1.0,0.0,0.0,0.0,-12.105461,9.432117,30.0,8.462423
900682.0,1.0,0.0,0.0,0.0,-12.09988,9.434726,30.0,8.465395
900783.0,1.0,0.0,0.0,0.0,-12.10116,9.43607,30.0,8.462769
900884.0,1.0,0.0,0.0,0.0,-12.087062,9.443317,30.0,8.46962
900985.0,1.0,0.0,0.0,0.0,-12.101871,9.435357,30.0,8.462771
901086.0,1.0,0.0,0.0,0.0,-12.099043,9.436483,30.0,8.464474
901187.0,1.0,0.0,0.0,0.0,-12.101256,9.429786,30.0,8.468958
901288.0,1.0,0.0,0.0,0.0,-12.101553,9.426556,30.0,8.47189
901390.0,1.0,0.0,0.0,0.0,-12.097235,9.431355,30.0,8.47141
901496.0,1.0,0.0,0.0,0.0,-12.095997,9.433965,30.0,8.470037
901601.0,1.0,0.0,0.0,0.0,-12.08652,9.439966,30.0,8.473516
901703.0,1.0,0.0,0.0,0.0,-12.102936,9.4331,30.0,8.463962
901803.0,1.0,0.0,0.0,0.0,-12.087849,9.435998,30.0,8.476154
901904.0,1.0,0.0,0.0,0.0,-12.09202,9.436299,30.0,8.471681
902005.0,1.0,0.0,0.0,0.0,-12.109745,9.426487,30.0,8.46377
902106.0,1.0,0.0,0.0,0.0,-12.095598,9.43197,30.0,8.47243
902207.0,1.0,0.0,0.0,0.0,-12.095363,9.432732,30.0,8.471905
902308.0,1.0,0.0,0.0,0.0,-12.083452,9.443518,30.0,8.473029
902410.0,1.0,0.0,0.0,0.0,-12.096184,9.431017,30.0,8.4728
902514.0,1.0,0.0,0.0,0.0,-12.098085,9.433247,30.0,8.468666
902615.0,1.0,0.0,0.0,0.0,-12.101323,9.434469,30.0,8.464208
902716.0,1.0,0.0,0.0,0.0,-12.093498,9.432767,30.0,8.473736
902817.0,1.0,0.0,0.0,0.0,-12.090904,9.435698,30.0,8.473396
902918.0,1.0,0.0,0.0,0.0,-12.097343,9.432599,30.0,8.470058
903019.0,1.0,0.0,0.0,0.0,-12.081392,9.437555,30.0,8.481051
903120.0,1.0,0.0,0.0,0.0,-12.080396,9.437318,30.0,8.482288
903222.0,1.0,0.0,0.0,0.0,-12.085695,9.435859,30.0,8.478446
903322.0,1.0,0.0,0.0,0.0,-12.09201,9.436011,30.0,8.471981
903423.0,1.0,0.0,0.0,0.0,-12.085007,9.436967,30.0,8.478026
903523.0,1.0,0.0,0.0,0.0,-12.086758,9.438684,30.0,8.474557
903624.0,1.0,0.0,0.0,0.0,-12.078556,9.437398,30.0,8.484047
903726.0,1.0,0.0,0.0,0.0,-12.092888,9.431,30.0,8.476113
903827.0,1.0,0.0,0.0,0.0,-12.082167,9.436717,30.0,8.481115
903928.0,1.0,0.0,0.0,0.0,-12.077077,9.439982,30.0,8.48294
904029.0,1.0,0.0,0.0,0.0,-12.078118,9.435687,30.0,8.486195
904129.0,1.0,0.0,0.0,0.0,-12.079518,9.435525,30.0,8.484956
904230.0,1.0,0.0,0.0,0.0,-12.080133,9.430843,30.0,8.48902
904332.0,1.0,0.0,0.0,0.0,-12.07641,9.436503,30.0,8.487086
904433.0,1.0,0.0,0.0,0.0,-12.080598,9.43554,30.0,8.483863
904539.0,1.0,0.0,0.0,0.0,-12.065892,9.439122,30.0,8.494986
904640.0,1.0,0.0,0.0,0.0,-12.077619,9.435968,30.0,8.486413
904741.0,1.0,0.0,0.0,0.0,-12.074966,9.437686,30.0,8.487347
904842.0,1.0,0.0,0.0,0.0,-12.080458,9.432916,30.0,8.486626
904943.0,1.0,0.0,0.0,0.0,-12.078801,9.436233,30.0,8.484967
905045.0,1.0,0.0,0.0,0.0,-12.067831,9.435308,30.0,8.496859
905146.0,1.0,0.0,0.0,0.0,-12.071486,9.43785,30.0,8.490665
905247.0,1.0,0.0,0.0,0.0,-12.07211,9.436469,30.0,8.491423
905348.0,1.0,0.0,0.0,0.0,-12.070687,9.440039,30.0,8.489277
905449.0,1.0,0.0,0.0,0.0,-12.064683,9.44097,30.0,8.494346
905553.0,1.0,0.0,0.0,0.0,-12.059379,9.443423,30.0,8.497196
905654.0,1.0,0.0,0.0,0.0,-12.06221,9.44412,30.0,8.493668
905755.0,1.0,0.0,0.0,0.0,-12.059541,9.437989,30.0,8.502471
905856.0,1.0,0.0,0.0,0.0,-12.070179,9.430485,30.0,8.499334
905957.0,1.0,0.0,0.0,0.0,-12.047467,9.444218,30.0,8.508316
906058.0,1.0,0.0,0.0,0.0,-12.063438,9.436296,30.0,8.500266
906159.0,1.0,0.0,0.0,0.0,-12.070385,9.435957,30.0,8.493656
906261.0,1.0,0.0,0.0,0.0,-12.060798,9.445225,30.0,8.493979
906361.0,1.0,0.0,0.0,0.0,-12.093559,9.453928,30.0,8.452512
906462.0,1.0,0.0,0.0,0.0,-12.02328,9.54219,30.0,8.434531
906569.0,1.0,0.0,0.0,0.0,-12.44912,9.29846,30.0,8.252419
906670.0,1.0,0.0,0.0,0.0,-12.127038,9.470141,30.0,8.402821
906772.0,1.0,0.0,0.0,0.0,-12.173665,9.451551,30.0,8.374784
906873.0,1.0,0.0,0.0,0.0,-12.173426,9.451088,30.0,8.375487
906974.0,1.0,0.0,0.0,0.0,-12.170438,9.453342,30.0,8.37622
907074.0,1.0,0.0,0.0,0.0,-12.174721,9.454632,30.0,8.370646
907175.0,1.0,0.0,0.0,0.0,-12.162339,9.45573,30.0,8.381931
907276.0,1.0,0.0,0.0,0.0,-12.16941,9.454099,30.0,8.376494
907378.0,1.0,0.0,0.0,0.0,-12.163211,9.454262,30.0,8.382525
907479.0,1.0,0.0,0.0,0.0,-12.165186,9.456732,30.0,8.378083
907579.0,1.0,0.0,0.0,0.0,-12.164972,9.459903,30.0,8.375126
907680.0,1.0,0.0,0.0,0.0,-12.175168,9.450692,30.0,8.374141
907781.0,1.0,0.0,0.0,0.0,-12.182303,9.4469,30.0,8.370797
907882.0,1.0,0.0,0.0,0.0,-12.17334,9.451398,30.0,8.375263
907983.0,1.0,0.0,0.0,0.0,-12.176134,9.451012,30.0,8.372851
908084.0,1.0,0.0,0.0,0.0,-12.183412,9.441568,30.0,8.375019
908186.0,1.0,0.0,0.0,0.0,-12.182103,9.440756,30.0,8.377141
908286.0,1.0,0.0,0.0,0.0,-12.187849,9.442037,30.0,8.370115
908387.0,1.0,0.0,0.0,0.0,-12.176144,9.444773,30.0,8.379084
908488.0,1.0,0.0,0.0,0.0,-12.177388,9.444187,30.0,8.378423
908595.0,1.0,0.0,0.0,0.0,-12.167895,9.447401,30.0,8.384705
908696.0,1.0,0.0,0.0,0.0,-12.178124,9.442246,30.0,8.37963
908797.0,1.0,0.0,0.0,0.0,-12.174506,9.439611,30.0,8.385881
908898.0,1.0,0.0,0.0,0.0,-12.169125,9.447083,30.0,8.383793
908999.0,1.0,0.0,0.0,0.0,-12.167418,9.445632,30.0,8.386951
909100.0,1.0,0.0,0.0,0.0,-12.166177,9.44796,30.0,8.385866
909201.0,1.0,0.0,0.0,0.0,-12.17179,9.44463,30.0,8.383579
909302.0,1.0,0.0,0.0,0.0,-12.177256,9.442127,30.0,8.380618
909403.0,1.0,0.0,0.0,0.0,-12.174567,9.442871,30.0,8.382563
909504.0,1.0,0.0,0.0,0.0,-12.175049,9.442444,30.0,8.382507
909610.0,1.0,0.0,0.0,0.0,-12.163419,9.444001,30.0,8.392579
909711.0,1.0,0.0,0.0,0.0,-12.162076,9.442954,30.0,8.394968
909812.0,1.0,0.0,0.0,0.0,-12.17128,9.44073,30.0,8.387988
909913.0,1.0,0.0,0.0,0.0,-12.168553,9.439308,30.0,8.392137
910014.0,1.0,0.0,0.0,0.0,-12.172859,9.439571,30.0,8.387568
910115.0,1.0,0.0,0.0,0.0,-12.171376,9.440568,30.0,8.388055
910216.0,1.0,0.0,0.0,0.0,-12.173322,9.441889,30.0,8.384789
910317.0,1.0,0.0,0.0,0.0,-12.161771,9.447412,30.0,8.390817
910418.0,1.0,0.0,0.0,0.0,-12.169849,9.445062,30.0,8.38509
910518.0,1.0,0.0,0.0,0.0,-12.173298,9.441308,30.0,8.385395
910625.0,1.0,0.0,0.0,0.0,-12.174055,9.436732,30.0,8.389212
910727.0,1.0,0.0,0.0,0.0,-12.172974,9.440152,30.0,8.386877
910828.0,1.0,0.0,0.0,0.0,-12.173786,9.43962,30.0,8.386594
910929.0,1.0,0.0,0.0,0.0,-12.17674,9.436717,30.0,8.386542
911029.0,1.0,0.0,0.0,0.0,-12.184732,9.431961,30.0,8.383307
911130.0,1.0,0.0,0.0,0.0,-12.164253,9.440915,30.0,8.394833
911231.0,1.0,0.0,0.0,0.0,-12.161981,9.441824,30.0,8.396194
911332.0,1.0,0.0,0.0,0.0,-12.180806,9.436541,30.0,8.382654
911433.0,1.0,0.0,0.0,0.0,-12.147741,9.4533,30.0,8.398956
911535.0,1.0,0.0,0.0,0.0,-12.17723,9.436913,30.0,8.385857
911639.0,1.0,0.0,0.0,0.0,-12.167829,9.440007,30.0,8.392166
911740.0,1.0,0.0,0.0,0.0,-12.154742,9.462279,30.0,8.382977
911841.0,1.0,0.0,0.0,0.0,-12.200171,9.429582,30.0,8.370249
911942.0,1.0,0.0,0.0,0.0,-12.171492,9.437435,30.0,8.391073
912043.0,1.0,0.0,0.0,0.0,-12.159892,9.445043,30.0,8.395064
912145.0,1.0,0.0,0.0,0.0,-12.158371,9.445093,30.0,8.396534
912246.0,1.0,0.0,0.0,0.0,-12.157166,9.442842,30.0,8.399992
912347.0,1.0,0.0,0.0,0.0,-12.178014,9.435483,30.0,8.386504
912448.0,1.0,0.0,0.0,0.0,-12.15824,9.441732,30.0,8.400025
912549.0,1.0,0.0,0.0,0.0,-12.162724,9.437787,30.0,8.399488
912649.0,1.0,0.0,0.0,0.0,-12.131621,9.459355,30.0,8.409023
912751.0,1.0,0.0,0.0,0.0,-12.177334,9.434623,30.0,8.388042
912852.0,1.0,0.0,0.0,0.0,-12.158053,9.44001,30.0,8.401937
912953.0,1.0,0.0,0.0,0.0,-12.141094,9.447141,30.0,8.411763
913054.0,1.0,0.0,0.0,0.0,-12.157847,9.441863,30.0,8.40029
913155.0,1.0,0.0,0.0,0.0,-12.155702,9.449566,30.0,8.394731
913256.0,1.0,0.0,0.0,0.0,-12.154217,9.444365,30.0,8.40142
913357.0,1.0,0.0,0.0,0.0,-12.158861,9.444417,30.0,8.396723
913459.0,1.0,0.0,0.0,0.0,-12.152696,9.446284,30.0,8.401021
913560.0,1.0,0.0,0.0,0.0,-12.15,9.444794,30.0,8.405207
913660.0,1.0,0.0,0.0,0.0,-12.155753,9.449016,30.0,8.395232
913762.0,1.0,0.0,0.0,0.0,-12.163382,9.461287,30.0,8.375331
913864.0,1.0,0.0,0.0,0.0,-12.144703,9.454009,30.0,8.401289
913965.0,1.0,0.0,0.0,0.0,-12.117458,9.473731,30.0,8.408812
914066.0,1.0,0.0,0.0,0.0,-12.157031,9.456751,30.0,8.386219
914168.0,1.0,0.0,0.0,0.0,-12.126816,9.464943,30.0,8.408241
914268.0,1.0,0.0,0.0,0.0,-12.135525,9.471028,30.0,8.393447
914369.0,1.0,0.0,0.0,0.0,-12.132082,9.458709,30.0,8.409207
914471.0,1.0,0.0,0.0,0.0,-12.13774,9.456183,30.0,8.406075
914572.0,1.0,0.0,0.0,0.0,-12.128407,9.454268,30.0,8.417327
914674.0,1.0,0.0,0.0,0.0,-12.124765,9.456144,30.0,8.419091
914775.0,1.0,0.0,0.0,0.0,-12.133662,9.454854,30.0,8.411485
914875.0,1.0,0.0,0.0,0.0,-12.116546,9.455895,30.0,8.427557
914976.0,1.0,0.0,0.0,0.0,-12.130023,9.45592,30.0,8.414056
915078.0,1.0,0.0,0.0,0.0,-12.125199,9.461658,30.0,8.41314
915179.0,1.0,0.0,0.0,0.0,-12.104257,9.464437,30.0,8.431308
915280.0,1.0,0.0,0.0,0.0,-12.117025,9.461339,30.0,8.421636
915381.0,1.0,0.0,0.0,0.0,-12.109065,9.466423,30.0,8.424512
915482.0,1.0,0.0,0.0,0.0,-12.123974,9.460246,30.0,8.415779
